recipient_id,envelope_id,name,email,recipient_type,status,routing_order,signed_time
rcp-pvf-1,env-pvf-attest,Elena Vasquez,elena.vasquez@prairievalleyfoods.com,signer,completed,1,2026-12-05T16:40:00Z
rcp-pvf-2,env-pvf-attest,Richard Okonkwo,rokonkwo@prairievalleyfoods.com,signer,sent,2,
rcp-pvf-3,env-pvf-attest,Christopher Morris,christopher.morris@voissync.ai,signer,sent,3,
rcp-pvf-prior-1,env-pvf-prior,Richard Okonkwo,rokonkwo@prairievalleyfoods.com,signer,completed,1,2025-12-04T16:01:00Z
rcp-harbor-1,env-harbor,Marina Lewis,marina.lewis@harborpoint.example.com,signer,completed,1,2026-11-15T10:44:00Z
rcp-other-1,env-lutheran-news,Janet Brennan,janet.brennan@example.org,signer,completed,1,2026-11-02T14:00:00Z
rcp-bi-1,env-benefitinsight,Priya Desai,pdesai@meridianbenefits.com,signer,completed,1,2026-11-23T09:40:00Z
rcp-meadow-1,env-meadow-dob,Hannah Cho,hannah.cho@meadowbrook.example.net,signer,sent,1,
rcp-northline-1,env-northline-edu,Peter Walsh,peter.walsh@northline.example.com,signer,completed,1,2026-11-20T09:42:00Z
rcp-school-1,env-school-volunteer,Christopher Morris,christopher.morris@voissync.ai,signer,completed,1,2026-11-30T07:10:00Z
