id,thread_id,from_addr,to_addr,cc_addr,subject,snippet,body,date,internal_date,size_estimate,labels,is_unread,is_starred
msg-pvf-fee,thr-pvf-fee,filing@uhcgroupportal.example.org,christopher.morris@voissync.ai,,Re: Prairie Valley Foods group filing - review options,Standard filing review is no cost; optional expedited filing review is a $275 portal fee...,"Hi Christopher,

To confirm the filing options for Prairie Valley Foods:
- Standard filing review is included at no cost.
- The optional expedited filing review is processed through the carrier portal for a $275 processing fee.
Either way, the portal will not accept your package until the CFO countersignature is on file for the renewal attestation.

Best,
Group Filing Desk
UnitedHealthcare Employer Services",2026-12-08T15:20:00Z,1765214400000,6200,"INBOX,Label_renewal",true,true
msg-elena,thr-elena,elena.vasquez@prairievalleyfoods.com,christopher.morris@voissync.ai,,Prairie Valley renewal - timing,"Richard is traveling until Thursday, can we still hit our date?...","Christopher,

Richard is on the road until Thursday. We still want to hit our filing date. Call me if the attestation is stuck.

Elena",2026-12-08T13:45:00Z,1765208700000,2100,"INBOX,Label_renewal",true,false
msg-pvf-old,thr-pvf-old,archive-notes@meridianbenefits.com,christopher.morris@voissync.ai,,Prairie Valley November planning notes,November planning thread retained with worksheet context...,November internal planning thread. The preliminary contribution estimate and planning hold were reviewed during package preparation.,2026-11-18T17:00:00Z,1763485200000,1900,"INBOX,Label_renewal",false,false
msg-harbor,thr-harbor,marina.lewis@harborpoint.example.com,christopher.morris@voissync.ai,,Harbor Point renewal packet,Separate client file is ready for January review.,"Christopher, the Harbor Point packet is ready whenever Sandra wants that moved up.",2026-12-06T12:00:00Z,1765022400000,1200,INBOX,false,false
msg-meadow,thr-meadow,benefits@meadowbrook.example.net,christopher.morris@voissync.ai,,Meadowbrook census cleanup,Two dependents still missing dates of birth.,"Quick note, Meadowbrook still has cleanup items for January.",2026-12-07T16:15:00Z,1765133700000,1400,INBOX,false,false
msg-meg,thr-meg,meg.patterson.naper@gmail.com,christopher.morris@voissync.ai,,Walk tomorrow?,Still on for 6:15?...,Still good for tomorrow morning? I have a 7:30 patient.,2026-12-07T20:10:00Z,1765145400000,900,INBOX,false,false
msg-priya,thr-priya,pdesai@meridianbenefits.com,christopher.morris@voissync.ai,,BenefitInsight deck draft,Attached the client-facing slides for review...,Priya here. Draft slides for BenefitInsight are in Drive when you have a minute.,2026-12-06T16:00:00Z,1765040400000,1800,INBOX,false,false
msg-janet,thr-janet,563-555-0218@text.example.org,christopher.morris@voissync.ai,,From Janet,Call me Wednesday evening if you can...,"Honey, knees are stiff but I am fine. Love you.",2026-12-05T22:00:00Z,1764972000000,700,INBOX,false,false
msg-school,thr-school,bandoffice@ashburyridge.example.edu,christopher.morris@voissync.ai,,Winter band concert volunteers,Chair reset still needs two parents.,Concert volunteer reminder for families.,2026-12-04T18:30:00Z,1764873000000,850,INBOX,false,false
msg-trisha,thr-trisha,tgunderson@meridianbenefits.com,christopher.morris@voissync.ai,,Friday office potluck list,Sandra asked me to check headcount.,Please add your name if you are bringing something Friday.,2026-12-03T19:00:00Z,1764798000000,700,INBOX,false,false
msg-school-band,thr-school-band,bandboosters@ashburyridge.example.org,christopher.morris@voissync.ai,,Concert volunteer reminder,Chair reset still needs one parent volunteer.,"Hi Christopher, chair reset after the winter concert still needs one more parent volunteer. Sophie should bring black shoes.",2026-12-08T01:30:00Z,1765157400000,970,INBOX,true,false
msg-northline,thr-northline,peter.walsh@northline.example.com,christopher.morris@voissync.ai,,Northline education session dates,Can we hold the January dates for employee meetings?,"Christopher, can we pencil in two January dates for the education sessions? No rush, just planning.",2026-12-07T19:05:00Z,1765143900000,1210,INBOX,false,false
msg-dentist,thr-dentist,frontdesk@liu-dental.example.org,christopher.morris@voissync.ai,,Dental cleaning reminder,Your routine cleaning is still on the calendar.,Reminder for your routine cleaning. Reply only if you need to move it.,2026-12-04T15:00:00Z,1764860400000,720,INBOX,false,false
msg-lutheran,thr-lutheran,office@gracelutheran.example.org,christopher.morris@voissync.ai,,December bulletin proof,Janet said you might catch wording issues.,"Christopher, Janet mentioned you might be willing to glance at the December bulletin proof. No hurry.",2026-12-05T18:25:00Z,1764959100000,880,INBOX,false,false
